{"cameraMode":{"drawMode":0,"name":"Shaded","section":"Shading Mode"},"sceneLighting":false,"audioPlay":false,"sceneViewState":{"m_AlwaysRefresh":false,"showFog":true,"showSkybox":false,"showFlares":true,"showImageEffects":true,"showParticleSystems":true,"showVisualEffectGraphs":true,"m_FxEnabled":true},"in2DMode":false,"pivot":{"x":-1.1121349334716797,"y":27.899999618530275,"z":2.8860864639282228},"rotation":{"x":0.23036755621433259,"y":0.018974067643284799,"z":-0.0044928668066859249,"w":0.9729099869728088},"size":0.8660253882408142,"orthographic":false}